[
  {
    "id": 0,
    "name": "koththu",
    "price": 300,
    "availability": 90,
    "about": "Burger King advertises the Whopper as “America’s Favorite Burger”, and there’s no doubting its iconic status. More than 11 million customers walk through Burger King’s doors each day, many of them in pursuit of the famous burger.",
    "thumb": "https://d1lvw0cfecuc5t.cloudfront.net/wp-content/uploads/2021/07/sri-lankan-chicken-koththu-sawan.jpg"
    },
  {
    "id": 1,
    "name": "Five Guys Cheeseburger",
    "price": 900,
    "availability": 30,
    "about": "Five Guys holds the title of #1 fan favorite burger chain, replacing two-time winner In-n-Out. Their cheeseburger is a classic staple on the menu.",
    "thumb": "https://media.myfirstcanadianplace.ca/first-canadian-place/food-map/fiveguys_storecard_fcp_20170427143133_0.jpg"
    },
  {
    "id": 2,
    "name": "KFC Original Recipe Chicken",
    "price": 1025,
    "availability": 50,
    "about": "KFC’s Original Recipe Chicken is famous for its secret 11 herbs and spices, and also for launching the brand into fast food superstardom.",
    "thumb": "https://d12n9cpx6835mo.cloudfront.net/Original-Tenders_Box_web_thumb.jpg?v=112.2"
    },
  {
    "id": 3,
    "name": "White Castle Sliders",
    "price": 499,
    "availability": 30,
    "about": "White Castle has been serving sliders since 1916, when the restaurant became America’s first fast-food burger chain. Today they remain the most popular item on the menu.",
    "thumb": "https://food.fnr.sndimg.com/content/dam/images/food/fullset/2017/5/10/1/FNM_060117-White-Castle-Style-Burgers-Recipe_s4x3.jpg.rend.hgtvcom.616.462.suffix/1494459707807.jpeg"
    },
  {
    "id": 4,
    "name": "Arby’s Roast Beef Sandwich",
    "price": 560,
    "availability": 18,
    "about": "Featuring only two ingredients, roast beef and a sesame seed bun, Arby’s claims that this is the sandwich that put roast beef on the map. Like hitting up Arby’s for lunch? It might be ok once in a while, but make sure it doesn’t turn into one of the 37 Unhealthy Lunchtime Mistakes You’re Making.",
    "thumb": "https://images.eatthismuch.com/site_media/img/433918_risaleobu_6fc6f089-d9d9-460a-b122-2d9e7376c2e8.jpeg"
    },
  {
    "id": 5,
    "name": "McDonald’s Happy Meal",
    "price": 2400,
    "availability": 10,
    "about": "The McDonald’s Happy Meal has been thriving since 1979, thanks to its kid-sized portions, colorful signature packaging and of course, the collectible toys. Did you hear? The Happy Meal is getting a makeover!",
    "thumb": "https://cardiffstudentmedia.co.uk/gairrhydd/wp-content/uploads/sites/2/2016/02/mcdonalds-990x556.jpg"
    },
  {
    "id": 6,
    "name": "Taco Bell Burrito Supreme",
    "price": 399,
    "availability": 60,
    "about": "Taco Bell has crowned this burrito “The Supreme Ruler of the Burrito Empire”, and it has many loyal subjects to prove it.",
    "thumb": "https://tacobell-media.s3.amazonaws.com/assets/products/chicken-burrito-supreme_72t5tEC.jpg"
    },
  {
    "id": 7,
    "name": "Chick-fil-A Chicken Sandwich",
    "price": 560,
    "availability": 20,
    "about": "Chick-fil-A may be politically polarizing, but people tend to have a unified stance on their original Chicken Sandwich",
    "thumb": "https://www.gannett-cdn.com/presto/2021/01/22/USAT/23eb693a-ba9c-4aaf-8a64-7eaf7bcffab6-Grilled_Spicy_Deluxe_1.jpg?crop=5885,3310,x0,y299&width=3200&height=1800&format=pjpg&auto=webp"
    },
  {
    "id": 8,
    "name": "Dunkin’ Donuts Coffee",
    "price": 300,
    "availability": 600,
    "about": "Forget the “donuts” in Dunkin’ Donuts. According to Forbes, the brand now makes 58 percent of its sales through beverages and intends to corner the coffee market in competition with Starbucks.",
    "thumb": "https://blog.timesunion.com/savings/files/2014/09/dunkin.jpg"
    },
    {
    "id": 9,
    "name": "Raising Cane’s Box Combo",
    "price": 1399,
    "availability": 50,
    "about": "Raising Cane’s is a rapidly growing chain that’s famous for its chicken finger meal combos. With only six meal options to choose from on the menu, the Box Combo is hands down their most popular order.",
    "thumb": "https://www.guide2free.com/wp-content/uploads/2017/02/raisingcanes.jpg"
    },
    {
      "id": 10,
      "name": "Cheese Pizza",
      "price": 2500,
      "availability": 50,
      "about": "My fun twist on typical pizza is an excellent way to use up leftover pesto. And since it’s loaded with protein-rich chicken and black beans, it’s hearty enough to satisfy everyone!",
      "thumb": "https://c4.wallpaperflare.com/wallpaper/1017/647/742/cheese-pizza-tomatoes-olives-bacon-hd-wallpaper-preview.jpg"
      },
      {
        "id": 11,
        "name": "Chocolate ice cream ",
        "price": 250,
        "availability": 150,
        "about": "Strawberry ice cream is covered with roasted strawberries and a homemade chocolate shell and garnished with chocolate covered strawberries",
        "thumb": "https://i0.wp.com/www.certifiedpastryaficionado.com/wp-content/uploads/2019/07/Chocolate-Covered-Strawberry-Sundae_IMG_5386.jpg?fit=800%2C1200&ssl=1"
        }

  ]